{
    "timescaledb_test_devops": {
        "metrics": [
            2709942.89,
            2589849.37,
            2822356.44,
            2906126.45,
            2869364.53
        ],
        "rows": [
            241480.06,
            230778.66,
            251497.11,
            258961.76,
            255685.95
        ],
        "metrics_avg": 2779527.9359999998,
        "rows_avg": 247680.708
    },
    "timescaledb_test_iot": {
        "metrics": [
            1751796.75,
            1723157.07,
            1785172.04,
            1703661.43,
            1763113.05
        ],
        "rows": [
            350310.23,
            344583.1,
            356984.35,
            340684.51,
            352573.17
        ],
        "metrics_avg": 1745380.068,
        "rows_avg": 349027.072
    },
    "timescaledb_test_cpu_only": {
        "metrics": [
            3106958.21,
            3199859.3,
            3116954.14,
            3159577.8,
            3027592.54
        ],
        "rows": [
            310695.82,
            319985.93,
            311695.41,
            315957.78,
            302759.25
        ],
        "metrics_avg": 3122188.3979999996,
        "rows_avg": 312218.838
    },
    "metadata": {
        "db_engine": "timescaledb",
        "scale": "100",
        "seed": 123,
        "workers": "4",
        "runs": 5
    }
}
