{
    "victoriametrics_test_devops": {
        "metrics": [
            2652805.32,
            2752704.89,
            2622837.16,
            2628554.49,
            2970500.96
        ],
        "rows": [
            236388.59,
            245290.53,
            233718.16,
            234227.63,
            264698.11
        ],
        "metrics_avg": 2725480.5640000002,
        "rows_avg": 242864.604
    },
    "victoriametrics_test_iot": {
        "metrics": [
            3191355.12,
            3259224.3,
            3209784.53,
            2981480.78,
            3192356.35
        ],
        "rows": [
            403594.88,
            412177.96,
            405925.56,
            377053.11,
            403721.5
        ],
        "metrics_avg": 3166840.2159999995,
        "rows_avg": 400494.6020000001
    },
    "victoriametrics_test_cpu-only": {
        "metrics": [
            2646579.07,
            2661487.54,
            3017879.42,
            2550291.48,
            2806234.62
        ],
        "rows": [
            264657.91,
            266148.75,
            301787.94,
            255029.15,
            280623.46
        ],
        "metrics_avg": 2736494.426,
        "rows_avg": 273649.4419999999
    },
    "metadata": {
        "db_engine": "victoriametrics",
        "scale": "100",
        "seed": 123,
        "workers": "4",
        "runs": 5
    }
}