{
    "influx_test_devops": {
        "metrics": [
            1444065.29,
            1447938.07,
            1341803.54,
            1452460.96,
            1448018.7
        ],
        "rows": [
            131629.53,
            131982.54,
            122308.16,
            132394.81,
            131989.89
        ],
        "metrics_avg": 1426857.3120000002,
        "rows_avg": 130060.98599999999
    },
    "influx_test_iot": {
        "metrics": [
            1602019.19,
            1543898.26,
            1658312.85,
            1504051.21,
            1507165.8
        ],
        "rows": [
            203869.0,
            196472.67,
            211032.79,
            191401.83,
            191798.19
        ],
        "metrics_avg": 1563089.462,
        "rows_avg": 198914.896
    },
    "influx_test_cpu-only": {
        "metrics": [
            1388400.86,
            1650164.63,
            1470759.38,
            1637291.61,
            1594794.64
        ],
        "rows": [
            138840.09,
            165016.46,
            147075.94,
            163729.16,
            159479.46
        ],
        "metrics_avg": 1548282.224,
        "rows_avg": 154828.222
    },
    "metadata": {
        "db_engine": "influx",
        "scale": "100",
        "seed": 123,
        "workers": "4",
        "runs": 5
    }
}