{
    "victoriametrics_test_devops": {
        "metrics": [
            2423862.99,
            2591814.18,
            2584829.43,
            2383262.41,
            2588728.83
        ],
        "rows": [
            215987.79,
            230953.74,
            230331.34,
            212369.92,
            230678.81
        ],
        "metrics_avg": 2514499.568,
        "rows_avg": 224064.32
    },
    "victoriametrics_test_iot": {
        "metrics": [
            2703188.63,
            2696761.15,
            2703558.74,
            2725068.12,
            2829832.87
        ],
        "rows": [
            341887.73,
            341074.81,
            341934.54,
            344654.95,
            357905.15
        ],
        "metrics_avg": 2731681.9020000002,
        "rows_avg": 345491.43600000005
    },
    "victoriametrics_test_cpu_only": {
        "metrics": [
            2228704.48,
            2431298.58,
            2520185.09,
            2232169.03,
            2252951.65
        ],
        "rows": [
            222870.45,
            243129.86,
            252018.51,
            223216.9,
            225295.16
        ],
        "metrics_avg": 2333061.766,
        "rows_avg": 233306.17600000004
    },
    "metadata": {
        "db_engine": "victoriametrics",
        "scale": 1000,
        "seed": 123,
        "workers": "4",
        "runs": 5
    }
}
